code,name,unit,price,quantity,category
"AB-1627","LIMON EN POLVO",UNO,"70",119,"ALIMENTOS",
"AB-1635","TE",UNO,"40",0,"ALIMENTOS",
"AB-1723","COFFEE MATE",UNO,"2000",0,"ALIMENTOS",
"AL-1243","ACEITE 10W 30 SINTETICO 4 Lt",Lt,"3500",54.6,"ACEITES Y LUBRICANTES",
"AL-1245","SPRAY LIMPIA CADENA",UNO,"2000",4,"ACEITES Y LUBRICANTES",
"AL-1246","SPRAY AFLOJA TORNILLO",UNO,"2000",0,"ACEITES Y LUBRICANTES",
"AL-1247","LIMPIA CARBURADOR",UNO,"2000",0,"ACEITES Y LUBRICANTES",
"AL-1248","ACEITE 15W 40 GASOLINA",Lt,"3250",507.6,"ACEITES Y LUBRICANTES",
"AL-1249","ACEITE 20 W 40 GASOLINA",Lt,"3250",929.3,"ACEITES Y LUBRICANTES",
"AL-1250","ACEITE SAE DIESEL",Lt,"3250",94.0000000000001,"ACEITES Y LUBRICANTES",
"AL-1251","ACEITE 10 W 40 4T MOLINOL 1L",Lt,"4000",3,"ACEITES Y LUBRICANTES",
"AL-1253","ACEITE 20W 50 DIESEL",Lt,"3000",289.4,"ACEITES Y LUBRICANTES",
"AL-1396","LIQUIDO DE FRENO 350 ML",UNO,"2500",25,"ACEITES Y LUBRICANTES",
"AL-1486","LIQUIDO DE FRENO",Lt,"5500",0,"ACEITES Y LUBRICANTES",
"AL-1487","LIQUIDO LIMPIA INYECTORES",Lt,"4500",3,"ACEITES Y LUBRICANTES",
"AL-1488","ACEITE DE TRASMISION POMO 1LT",Lt,"3500",19,"ACEITES Y LUBRICANTES",
"AL-1702","GRASA CHASIS 1LT",UNO,"3500",27,"ACEITES Y LUBRICANTES",
"AL-1703","GRASA BALERO 1LT",UNO,"3500",18,"ACEITES Y LUBRICANTES",
"AL-1704","ACEITE MOLINOL 15W 40 1 LT",Lt,"4000",10,"ACEITES Y LUBRICANTES",
"AL-1705","ACEITE 15W 40 DIESEL",Lt,"3250",722.3,"ACEITES Y LUBRICANTES",
"AL-1728","GRASA CHASIS 4LT",UNO,"12000",16,"ACEITES Y LUBRICANTES",
"AL-1729","GRASA BALEROS 4LT",UNO,"12000",0,"ACEITES Y LUBRICANTES",
"AL-1755","ACEITE 2 TIEMPOS 250ML",UNO,"1500",84,"ACEITES Y LUBRICANTES",
"AL-1778","AGUA REFRIGERANTE 4LT",UNO,"5000",0,"ACEITES Y LUBRICANTES",
"AL-1783","ACEITE 2T 1LT",Lt,"3000",48,"ACEITES Y LUBRICANTES",
"AP-1722","DESODORANTE SPRAY OBAO",UNO,"2200",0,"ARTICULOS DE ASEO Y BELLEZA",
"AP-1754","CREMA DENTAL",UNO,"900",0,"ARTICULOS DE ASEO Y BELLEZA",
"AP-1767","PERFUME TRABAS",UNO,"3400",0,"ARTICULOS DE ASEO Y BELLEZA",
"B-1253","BOMBILLO 12V X10W",UNO,"350",4,"BOMBILLOS",
"B-1254","BOMB LED PARA PIZARRA 24 V",UNO,"250",202,"BOMBILLOS",
"B-1255","BOMB 12V CHIQUITA PIZARRA",UNO,"250",422,"BOMBILLOS",
"B-1256","BOMB COLA PESCAO",UNO,"250",63,"BOMBILLOS",
"B-1257","LED 12V TIRILLA",UNO,"300",0,"BOMBILLOS",
"B-1258","LED 24V TIRILLA",UNO,"300",88,"BOMBILLOS",
"B-1260","BOMBILLO FAN 32 VOLT 3 CARAS",UNO,"3000",3,"BOMBILLOS",
"B-1261","BOMB MOTORINA",UNO,"1500",0,"BOMBILLOS",
"B-1262","BOMB H4 (4 CARAS)",UNO,"3200",4,"BOMBILLOS",
"B-1263","BOMBILLO MEDIANO LED TRACERO",UNO,"600",0,"BOMBILLOS",
"B-1264","BOMBILLO 24V 21W",UNO,"400",62,"BOMBILLOS",
"B-1265","BOMB H4  12 V HALOGENO",PAR,"1700",22,"BOMBILLOS",
"B-1266","HALOGENO 24 V",UNO,"2000",0,"BOMBILLOS",
"B-1267","BOMB 1FIL 21W 12 VOLT",UNO,"400",183,"BOMBILLOS",
"B-1268","BOMB 2FIL 21M (2 FILAMENTOS)",UNO,"400",31,"BOMBILLOS",
"B-1269","BOMB PARPADEO",UNO,"700",0,"BOMBILLOS",
"B-1606","BOMBILLO H1 12 VOLT",UNO,"1500",1,"BOMBILLOS",
"B-1614","BOMBILLO HB3 AUTO MODERNO",UNO,"4500",2,"BOMBILLOS",
"B-1777","BOMBILLO PARA PIZARRA 24 V",UNO,"250",206,"BOMBILLOS",
"BT-1379","BATER -IDON  90 AMP",UNO,"50000",3,"BATERIAS",
"BT-1380","BATER-IDON 100 AMP",UNO,"65000",25,"BATERIAS",
"BT-1381","BATERIA 75A JAPONESA",UNO,"105000",90,"BATERIAS",
"BT-1382","BATERIA RAYOSONIK 150 AMP",UNO,"105000",11,"BATERIAS",
"BT-1383","BATER MOURA -90 AMP",UNO,"65000",12,"BATERIAS",
"BT-1384","BATER- OMEGA 75AMP",UNO,"50000",7,"BATERIAS",
"BT-1385","BATERIA 200 A JAPONESA",UNO,"120000",9,"BATERIAS",
"BT-1386","BATERERIA 100 AMP JAPONESA",UNO,"60000",76,"BATERIAS",
"BT-1387","BATER- OMEGA 200 AMP",UNO,"120000",32,"BATERIAS",
"BT-1750","BATERIA AAA",UNO,"100",0,"BATERIAS",
"BT-1751","BATERIA AA",UNO,"120",0,"BATERIAS",
"BT-1784","BATERIA DE MOTO 7AMP",UNO,"15000",4,"BATERIAS",
"ED-1279","OLLAS FRIJOLERAS",UNO,"27000",8,"ELECTROS",
"ED-1586","INVERSOR 72 VOLT",UNO,"63000",0,"ELECTROS",
"ED-1587","INVERSOR 2200 W",UNO,"59000",0,"ELECTROS",
"ED-1588","CARGADOR 10 A 12 VOLT",UNO,"18000",0,"ELECTROS",
"ED-1589","CARGADOR 20 A",UNO,"50000",0,"ELECTROS",
"ED-1590","COMPRESOR DE AIRE 12 VOLT",UNO,"18000",2,"ELECTROS",
"ED-1594","MPPT SOLAR 50 A",UNO,"21000",3,"ELECTROS",
"ED-1601","TRANSFER AUTOMATICO",UNO,"21000",0,"ELECTROS",
"ED-1617","EQUIPO DE SOLDAR ELECTRICO",UNO,"126000",1,"ELECTROS",
"ED-1621","REPRODUCTORA CON BOCINA",UNO,"55000",1,"ELECTROS",
"ED-1628","GPS DIGITAL",UNO,"25000",2,"ELECTROS",
"ED-1630","CARGADOR MOVIL CON BLUETOOTH",UNO,"5000",1,"ELECTROS",
"ED-1651","BOCINAS PIONERS 750W",UNO,"38400",1,"ELECTROS",
"ED-1666","VENTILADOR MILEXUS",UNO,"15000",37,"ELECTROS",
"ED-1667","VENTILADOR RECARGABLE",UNO,"35000",155,"ELECTROS",
"ED-1739","HIDROLAVADORA",UNO,"126000",1,"ELECTROS",
"ED-1786","BOMBA AUTOCEBANTE",UNO,"32000",2,"ELECTROS",
"ED-1787","TALADRO ELECTRICO",UNO,"19000",0,"ELECTROS",
"ET-1763","MOTORINA 3 RUEDAS",UNO,"675000",0,"EQUIPOS DE TRANSPORTE",
"FF-1001","BUJIA ESTRELLA ROJA",UNO,"2500",14,"FERRETERIA",
"FF-1036","LATAS DE OLOR",UNO,"2500",24,"FERRETERIA",
"FF-1044","SOPORTE TELEFONO",UNO,"3500",6,"FERRETERIA",
"FF-1062","HERRAJE BAŃO",UNO,"3500",0,"FERRETERIA",
"FF-1088","ESPANCIONADOR  DE BRONCE 8 mm",UNO,"350",0,"FERRETERIA",
"FF-1109","ARANDELA DE PRESION PEQUEŃA",UNO,"15",565,"FERRETERIA",
"FF-1110","ARANDELA DE PRESION GRANDE",UNO,"20",20,"FERRETERIA",
"FF-1114","CATAO 60 AMP",UNO,"3500",0,"FERRETERIA",
"FF-1117","CAPACITOR 400 MICRO",UNO,"4200",4,"FERRETERIA",
"FF-1118","DUCHA SANIT",UNO,"1500",0,"FERRETERIA",
"FF-1119","BRACHA 4pg",UNO,"950",0,"FERRETERIA",
"FF-1123","BREAKER  NEGRO DOBLE 40 AP",UNO,"2500",0,"FERRETERIA",
"FF-1124","BREAKER  63 AP SENCILLO",UNO,"1500",6,"FERRETERIA",
"FF-1125","BREAKER 40A SIMPLE",UNO,"1500",2,"FERRETERIA",
"FF-1126","BOMBILLA RECARGABLE",UNO,"2500",0,"FERRETERIA",
"FF-1127","CEPLLO ALAMBRE",UNO,"900",0,"FERRETERIA",
"FF-1128","BARRENAS TUGSTENO",UNO,"400",0,"FERRETERIA",
"FF-1129","CANDADO GRANDE",UNO,"1600",5,"FERRETERIA",
"FF-1130","CEMENTO BLANCO",UNO,"2500",0,"FERRETERIA",
"FF-1131","CAPACITOR 35 MICRO",UNO,"3800",3,"FERRETERIA",
"FF-1132","CAPACITOR DE AIRE 30 MF",UNO,"4500",1,"FERRETERIA",
"FF-1133","CORTINERO DE BANO",UNO,"3500",0,"FERRETERIA",
"FF-1134","CUCHILLO",UNO,"1500",0,"FERRETERIA",
"FF-1135","CABLE 10",m,"200",0,"FERRETERIA",
"FF-1136","CASCO PARA MOTO",UNO,"6000",0,"FERRETERIA",
"FF-1137","DISCO DESBASTE",UNO,"650",0,"FERRETERIA",
"FF-1138","DELCO PEGAMENTO PLASTICO EPOXI",UNO,"1300",28,"FERRETERIA",
"FF-1140","DISCO CORTE",UNO,"200",0,"FERRETERIA",
"FF-1141","DISCO MILOJA",UNO,"650",6,"FERRETERIA",
"FF-1142","EMBUDO PLASTICO",UNO,"2500",2,"FERRETERIA",
"FF-1143","CANDADO PEQUEŃO",UNO,"450",1,"FERRETERIA",
"FF-1144","ESPAGUETI FINO",UNO,"300",0,"FERRETERIA",
"FF-1145","EXTENSION 10M",UNO,"3800",0,"FERRETERIA",
"FF-1146","ESPIGA CABLE",UNO,"350",0,"FERRETERIA",
"FF-1147","EMBUDO METAL",UNO,"2500",7,"FERRETERIA",
"FF-1148","CANDADO MEDIANO",UNO,"800",0,"FERRETERIA",
"FF-1149","GAMUZA CHIQUITA",UNO,"2500",0,"FERRETERIA",
"FF-1150","BARRENA  3MM",UNO,"350",22,"FERRETERIA",
"FF-1151","GAMUZA GRANDE",UNO,"2500",0,"FERRETERIA",
"FF-1153"," JUEGO CUBO METAL",UNO,"5000",0,"FERRETERIA",
"FF-1154","LIJA",UNO,"150",909,"FERRETERIA",
"FF-1155","LATIGUILLO METALICO",UNO,"900",2,"FERRETERIA",
"FF-1156","LLAVE TALADRO",UNO,"900",7,"FERRETERIA",
"FF-1158","LIJADORA",UNO,"20000",3,"FERRETERIA",
"FF-1159","LLAVIN PUERTA ANTICOPIA",UNO,"6000",5,"FERRETERIA",
"FF-1160","MASORCA TALADRO",UNO,"3800",3,"FERRETERIA",
"FF-1161","BARRENA 6 MM",UNO,"450",17,"FERRETERIA",
"FF-1162","MANILLA PUERTA CASA",UNO,"1200",2,"FERRETERIA",
"FF-1163","TOMAREGLETA",UNO,"500",0,"FERRETERIA",
"FF-1164","TEIPE",UNO,"350",48,"FERRETERIA",
"FF-1165","BARRENA 3.16",UNO,"400",5,"FERRETERIA",
"FF-1166","TORNILLO 6 mm",UNO,"120",30,"FERRETERIA",
"FF-1167","BARRENA 4 mm",UNO,"400",26,"FERRETERIA",
"FF-1168","TOMA DOBLE FABRICA",UNO,"900",28,"FERRETERIA",
"FF-1169","TORNILLO- 5",UNO,"100",0,"FERRETERIA",
"FF-1171","PRECINTA TRASPARENTE",UNO,"900",1,"FERRETERIA",
"FF-1172","BARRENA 5 MM",UNO,"400",22,"FERRETERIA",
"FF-1173","PRECINTA AIRE",UNO,"1500",0,"FERRETERIA",
"FF-1174","PELO CEGUETA",UNO,"200",0,"FERRETERIA",
"FF-1175","PRESILLA GAS MEDIANA",UNO,"150",23,"FERRETERIA",
"FF-1176","PRESILLA CHIQUITA",UNO,"120",8,"FERRETERIA",
"FF-1177","PLASTICOLA",UNO,"1300",0,"FERRETERIA",
"FF-1178","PICAPORTE",UNO,"3800",0,"FERRETERIA",
"FF-1179","PEGA BAJE",UNO,"3500",0,"FERRETERIA",
"FF-1180","PRESILLA METAL GRANDE",UNO,"400",58,"FERRETERIA",
"FF-1181","PEGA PLASTICO ACRILICO",UNO,"120",0,"FERRETERIA",
"FF-1182","PRECINTA DE NYLON",UNO,"1500",3,"FERRETERIA",
"FF-1183","BRIDA 3.6 X 150MM",UNO,"20",288,"FERRETERIA",
"FF-1184","CORRECTOR DE COLORES",UNO,"25",158,"FERRETERIA",
"FF-1185","PIEDRA  ESMERIL",UNO,"3500",0,"FERRETERIA",
"FF-1186","PRECINTA GRIS",UNO,"1500",0,"FERRETERIA",
"FF-1187","PRECINTA PAPEL",UNO,"1600",4,"FERRETERIA",
"FF-1188","PISTOLA GAS",UNO,"900",0,"FERRETERIA",
"FF-1189","REGULADOR VOLTAJE",UNO,"3500",0,"FERRETERIA",
"FF-1190","PINZA PRESION",UNO,"3500",1,"FERRETERIA",
"FF-1191","REGULADOR COMPUTADORA",UNO,"1500",0,"FERRETERIA",
"FF-1192","SOQUE PLANO",UNO,"5000",2,"FERRETERIA",
"FF-1193","SOQUE NORMAL",UNO,"350",0,"FERRETERIA",
"FF-1194","BRIDA 4.8 X 400MM",UNO,"40",295,"FERRETERIA",
"FF-1195","SILICONA CALOR",UNO,"900",12,"FERRETERIA",
"FF-1196","SILICONA TRANSPARENTE",UNO,"1500",2,"FERRETERIA",
"FF-1197","ADAPTADOR NEGRO PEQUEŃO",UNO,"350",18,"FERRETERIA",
"FF-1198","ALICATE U OTROS SIMILARES",UNO,"2500",3,"FERRETERIA",
"FF-1201","ELECTRODO SOLD LAORABLE 6013",UNO,"50",110,"FERRETERIA",
"FF-1202","ELECTRODO ACERO INOXIDABLE",UNO,"160",0,"FERRETERIA",
"FF-1203","DESTORNILLADOR GRANDE PUNTA",UNO,"18000",0,"FERRETERIA",
"FF-1204","BRIDA 4.8 X 500MM",UNO,"50",291,"FERRETERIA",
"FF-1205","ADAPTADOR GRANDE BLANCO",UNO,"400",8,"FERRETERIA",
"FF-1206","FLASHI 12 VOLT",UNO,"1500",0,"FERRETERIA",
"FF-1207","ARANDELA DE PRESION",UNO,"20",0,"FERRETERIA",
"FF-1208","BREAK 63 AM PLANTA CUHILLA",UNO,"4500",0,"FERRETERIA",
"FF-1209","BROCHA 6mm",UNO,"1500",0,"FERRETERIA",
"FF-1210","BROCHA 5MM",UNO,"1300",0,"FERRETERIA",
"FF-1211","GRAMPA DE TECHO",UNO,"30",107,"FERRETERIA",
"FF-1212","RELAY 24 VOLT",PAR,"1300",21,"FERRETERIA",
"FF-1238","CONECTOR DORADO",UNO,"25",371,"FERRETERIA",
"FF-1278","VALVULA METAL",UNO,"350",19,"FERRETERIA",
"FF-1479","BISAGRAS",PAR,"1200",8,"FERRETERIA",
"FF-1480","CHEQUES 1PULG",UNO,"900",0,"FERRETERIA",
"FF-1481","VOLTIMETRO 12 VOLT",UNO,"3500",5,"FERRETERIA",
"FF-1482","CRANES 12X125",UNO,"1100",16,"FERRETERIA",
"FF-1483","CRANES 12X150",UNO,"1400",1,"FERRETERIA",
"FF-1484","CRANES 14X150",UNO,"1100",19,"FERRETERIA",
"FF-1485","BUJIAS NGK",UNO,"2500",23,"FERRETERIA",
"FF-1486","BUJIAS PRISMA Y TAINO",UNO,"2000",43,"FERRETERIA",
"FF-1487","BUJIAS CHAMPIOS",UNO,"1500",0,"FERRETERIA",
"FF-1488","BUJIAS FINA 4T",UNO,"1500",27,"FERRETERIA",
"FF-1489","MEDIDOR DE AIRE",UNO,"1500",0,"FERRETERIA",
"FF-1490","LLAVE ALLEN GRANDE",UNO,"3500",3,"FERRETERIA",
"FF-1493","DISCO CORTE SIERRA",UNO,"1500",0,"FERRETERIA",
"FF-1494","ESPONJA MOOR LAVAR AUTOS",UNO,"2000",11,"FERRETERIA",
"FF-1495","ESPIGA GRANDE PLANTA MACHO",UNO,"500",31,"FERRETERIA",
"FF-1496","GOMA PATA ARRANQ MOTOR",UNO,"650",7,"FERRETERIA",
"FF-1497","CHIRRIADORA",UNO,"3500",0,"FERRETERIA",
"FF-1498","CHIRRI CHIQUITO",UNO,"25",516,"FERRETERIA",
"FF-1501","LLAVE PVC AGUA",UNO,"650",0,"FERRETERIA",
"FF-1502","MULTIMETRO",UNO,"7500",0,"FERRETERIA",
"FF-1503","NIPLE 1/2",UNO,"350",1,"FERRETERIA",
"FF-1504","MANGUERA GASOLINA",UNO,"200",7,"FERRETERIA",
"FF-1505","MANG LAVADORA",UNO,"1500",0,"FERRETERIA",
"FF-1506","MANG SILICONA GAS",m,"800",10,"FERRETERIA",
"FF-1508","TUBO LED LAMPARA 40",UNO,"3500",21,"FERRETERIA",
"FF-1510","PROTECTOR VOLTAGE",UNO,"4000",6,"FERRETERIA",
"FF-1512","PESTILLO 3PG",UNO,"600",3,"FERRETERIA",
"FF-1513","PESA DIGITAL",UNO,"3800",1,"FERRETERIA",
"FF-1514","PUNTA DESTORNL",UNO,"3500",1,"FERRETERIA",
"FF-1516","SILICONA NEUTRA",UNO,"2400",5,"FERRETERIA",
"FF-1520","TAPA DE VALVULA",UNO,"300",301,"FERRETERIA",
"FF-1579","LLAVE MEZCLADORA DUCHA",UNO,"12500",0,"FERRETERIA",
"FF-1580","LLAVE LAVAMANOS",UNO,"3000",0,"FERRETERIA",
"FF-1581","DUCHA ELECTRICA",UNO,"7500",0,"FERRETERIA",
"FF-1582","LLAVE DE FREGADERO GANZO",UNO,"3700",0,"FERRETERIA",
"FF-1583","BARRAS SILICONA",UNO,"150",17,"FERRETERIA",
"FF-1585","MALLA PLASTICA PARA PERSIANAS",m,"2000",78.5,"FERRETERIA",
"FF-1591","CORNETA COMPRESOR",UNO,"20000",1,"FERRETERIA",
"FF-1592","PONCHE FRIO",UNO,"2000",23,"FERRETERIA",
"FF-1600","CALCOMANIAS FOSFORESCENTES",UNO,"100",0,"FERRETERIA",
"FF-1602","TOMA DE PANELES SOLARES",UNO,"2000",17,"FERRETERIA",
"FF-1611","PASTA PARA SOLDAR",UNO,"2000",9,"FERRETERIA",
"FF-1612","TUBOS DE ESTAŃO",UNO,"1500",9,"FERRETERIA",
"FF-1615","CABLE PARA BOCINAS DE AUTO",m,"400",15,"FERRETERIA",
"FF-1618","FUSIBLE 30 A",UNO,"100",16,"FERRETERIA",
"FF-1626","CAJA DE PRESILLAS",UNO,"250",7,"FERRETERIA",
"FF-1636","BASES DE RELAY",UNO,"1300",32,"FERRETERIA",
"FF-1641","CORREA DE LAVADORA MODERNA",UNO,"2400",2,"FERRETERIA",
"FF-1645","CAPACITOR 20 MF",UNO,"2000",1,"FERRETERIA",
"FF-1649","ESPIRALES REPELENTES INSECTOS",UNO,"200",138,"FERRETERIA",
"FF-1650","SPRAY REPELENTE",UNO,"2000",27,"FERRETERIA",
"FF-1653","BUOS",UNO,"4500",6,"FERRETERIA",
"FF-1654","CANDADO CIRCULAR MOTO Y BICICLETA",UNO,"2800",11,"FERRETERIA",
"FF-1661","CHIRRIS",UNO,"35",0,"FERRETERIA",
"FF-1710","ESPAGUETIS TERMICOS",UNO,"350",77,"FERRETERIA",
"FF-1717","TOMACORRIENTE MODERNO",UNO,"900",6,"FERRETERIA",
"FF-1719","TOMACORRIENTE E INETRUPTOR COMBINADO",UNO,"800",0,"FERRETERIA",
"FF-1733","BREAKER 20A DOBLE",UNO,"2500",0,"FERRETERIA",
"FF-1734","BREAKER 16A DOBLE",UNO,"2500",0,"FERRETERIA",
"FF-1735","BREAKER 32A DOBLE",UNO,"2500",1,"FERRETERIA",
"FF-1736","BREAKER 40A DOBLE",UNO,"2500",0,"FERRETERIA",
"FF-1737","VALVULAS #14",UNO,"500",235,"FERRETERIA",
"FF-1742","CABLE CARGADOR DE BATERIA",UNO,"1500",0,"FERRETERIA",
"FF-1743","LUZ DE SERVICIO",UNO,"3500",1,"FERRETERIA",
"FF-1752","CALCOMANIA",UNO,"300",227,"FERRETERIA",
"FF-1753","ESCOBA",UNO,"1000",10,"FERRETERIA",
"FF-1757","CABLE PARA CARGAR CELULAR",UNO,"800",0,"FERRETERIA",
"FF-1758","CALCOMANIA REFLECTORES",UNO,"80",0,"FERRETERIA",
"FF-1760","CAPACITOR 300MF",UNO,"4800",10,"FERRETERIA",
"FF-1761","CABLE ROYAL COOL",m,"650",150,"FERRETERIA",
"FF-1762","TERMO RETRACTIL (CAJA 160 PIEZAS)",UNO,"2500",1,"FERRETERIA",
"FF-1763","TERMO RETRACTIL (CAJA 180 PIEZAS)",UNO,"3500",0,"FERRETERIA",
"FF-1780","BROCHAS 3''",UNO,"500",0,"FERRETERIA",
"FF-1785","CABLE DE COBRE No12",m,"650",172.5,"FERRETERIA",
"FF-1788","BROCHAS 4''",UNO,"900",1,"FERRETERIA",
"FF-1789","BROCHAS 2''",UNO,"500",0,"FERRETERIA",
"FF-1790","EXTENSION 6M",UNO,"3500",0,"FERRETERIA",
"FF-1791","EXTENSION FINA",UNO,"2500",0,"FERRETERIA",
"FF-1792","CINTA REFLECTORA DOS COLORES",UNO,"250",8944,"FERRETERIA",
"FF-1793","DESTORNILLADOR PUNTA CHICA",UNO,"600",3,"FERRETERIA",
"JJ-1593","RELOJ ORIEN HOMBRE",UNO,"8000",2,"JOYERIA",
"NA-1478","GOMA AUTO 15/185/65",UNO,"32000",0,"NEUMATICOS AUTO",
"NA-1637","GOMA 15 AUTO",UNO,"30000",15,"NEUMATICOS AUTO",
"NA-1638","GOMA 14 AUTO",UNO,"30000",11,"NEUMATICOS AUTO",
"NA-1639","GOMA 13 AUTO",UNO,"24000",2,"NEUMATICOS AUTO",
"NM-1231","GOMA DE TACOS18X350",UNO,"22000",0,"NEUMATICOS MOTO",
"NM-1232","GOMA 14/90/90 UNISUKI",UNO,"15000",2,"NEUMATICOS MOTO",
"NM-1233","GOMA 12",UNO,"15000",1,"NEUMATICOS MOTO",
"NM-1234","CAMARA 16 X 250",UNO,"3500",15,"NEUMATICOS MOTO",
"NM-1236","CAMARA 16/300/250",UNO,"3500",2,"NEUMATICOS MOTO",
"NM-1237","CAMARA 26 MONTAŃESA",UNO,"2200",0,"NEUMATICOS MOTO",
"NM-1239","VALVULA CRIOLLA",UNO,"300",0,"NEUMATICOS MOTO",
"NM-1240","VALVULA MOTORINA",UNO,"500",1,"NEUMATICOS MOTO",
"NM-1241","CAMARA 300 X 18",UNO,"3500",0,"NEUMATICOS MOTO",
"NM-1242","GOMA M 18X275",UNO,"15000",2,"NEUMATICOS MOTO",
"NM-1480","GOMA DE TACOS 18 MOTO",UNO,"22000",1,"NEUMATICOS MOTO",
"NM-1481","GOMA MOTORINA 13",UNO,"17000",0,"NEUMATICOS MOTO",
"NM-1483","GOMA MOTO JAWA PISTA",UNO,"22000",5,"NEUMATICOS MOTO",
"NM-1484","GOMA 14 MOTORINA",UNO,"22000",1,"NEUMATICOS MOTO",
"NM-1656","CAMARA 16/300",UNO,"3500",13,"NEUMATICOS MOTO",
"NM-1657","CAMARA 16/350",UNO,"3500",12,"NEUMATICOS MOTO",
"PA-1000","AMORTIGUADOR  AUTO AMERICANO",PAR,"35000",3,"PIEZAS DE AUTO",
"PA-1003","CABLE CULEBRILLA AX-100",UNO,"1800",1,"PIEZAS DE AUTO",
"PA-1004","CDI",UNO,"3800",19,"PIEZAS DE AUTO",
"PA-1005","ESPANCIONADORES GRANDE (8 mm)",UNO,"350",23,"PIEZAS DE AUTO",
"PA-1007","CALSO GOMA DE V8",UNO,"10000",11,"PIEZAS DE AUTO",
"PA-1010","MANGUERA  FRENO MOTO",UNO,"1800",42,"PIEZAS DE AUTO",
"PA-1011","ENCENDEDOR CIGARRO",UNO,"3000",0,"PIEZAS DE AUTO",
"PA-1012","FILTRO YUNDAY DIESEL",UNO,"5000",3,"PIEZAS DE AUTO",
"PA-1013","FILTRO GASOLINA LADA",UNO,"2500",2,"PIEZAS DE AUTO",
"PA-1014","FILTRO AIRE LADA",UNO,"4000",0,"PIEZAS DE AUTO",
"PA-1016","CHAPALETA CUADRADA",UNO,"1200",0,"PIEZAS DE AUTO",
"PA-1017","CHAPALETA REDONDA",PAR,"2000",0,"PIEZAS DE AUTO",
"PA-1020","TUBERIA FRENO",PAR,"15000",4,"PIEZAS DE AUTO",
"PA-1021","ALFOMBRA DE AUTO SILICONA",UNO,"9000",1,"PIEZAS DE AUTO",
"PA-1022","PRESILLA CARBURADOR",UNO,"400",0,"PIEZAS DE AUTO",
"PA-1023","REPRODUCTORA AUTO",UNO,"25000",2,"PIEZAS DE AUTO",
"PA-1024","RELAY 100AP 12V",UNO,"1300",0,"PIEZAS DE AUTO",
"PA-1025","RESPUESTO FOCO DELANTERO MOSK",PAR,"7000",7,"PIEZAS DE AUTO",
"PA-1026","REPUESTO TRASERO FOCO AUTO LADA",PAR,"7000",1,"PIEZAS DE AUTO",
"PA-1027","BOMBA ELEC LADA",UNO,"10000",0,"PIEZAS DE AUTO",
"PA-1028","PIŃON GN",UNO,"1500",3,"PIEZAS DE AUTO",
"PA-1029","BORNE DE BATERIA",UNO,"2500",17,"PIEZAS DE AUTO",
"PA-1030","ALTERNADOR YUNDAY",UNO,"45000",0,"PIEZAS DE AUTO",
"PA-1031","CORREA LADA",UNO,"2800",0,"PIEZAS DE AUTO",
"PA-1034","FOCO LATERAL AUTO LADA",PAR,"3500",7,"PIEZAS DE AUTO",
"PA-1054","BOMBA DE FRENO YUNDAY",UNO,"49000",3,"PIEZAS DE AUTO",
"PA-1079","NEBLINERO CUADRADO",UNO,"3500",0,"PIEZAS DE AUTO",
"PA-1099","TAPA RADIADOR AUTOS MODERNOS",UNO,"3000",20,"PIEZAS DE AUTO",
"PA-1235","CAMARA 16 X 325",UNO,"3500",0,"PIEZAS DE AUTO",
"PA-1286","AMPERIMETRO",UNO,"7500",1,"PIEZAS DE AUTO",
"PA-1288","JUEGO CARBON YUNDAY",UNO,"3500",0,"PIEZAS DE AUTO",
"PA-1289","JUEGO INTERMITENTE V8",UNO,"7500",2,"PIEZAS DE AUTO",
"PA-1293","JUNKILLO LADA",m,"3500",0,"PIEZAS DE AUTO",
"PA-1294","KIT MANGUERA LADA Y MOSK (AGUA)",PAR,"15000",2,"PIEZAS DE AUTO",
"PA-1295","KOMANDO KAMA",UNO,"18000",1,"PIEZAS DE AUTO",
"PA-1297","MOTOR LIMPIA PARABRISA LADA",UNO,"14000",1,"PIEZAS DE AUTO",
"PA-1299","MANGUERA DE PRESION YUNDAY",UNO,"6000",0,"PIEZAS DE AUTO",
"PA-1300","MACHETE ELECTRICO",UNO,"7500",0,"PIEZAS DE AUTO",
"PA-1301","MANGUERA IDROWAA",UNO,"3500",0,"PIEZAS DE AUTO",
"PA-1302","MESULA DE LADA",UNO,"6500",1,"PIEZAS DE AUTO",
"PA-1303","MANGUERA AGUA RAYADOR LADA",UNO,"5500",3,"PIEZAS DE AUTO",
"PA-1304","MANGUERA RADIADOR DE AGUA CRIOLLA",UNO,"6000",9,"PIEZAS DE AUTO",
"PA-1306","MANGUERA DE FRENO WUA",UNO,"3000",8,"PIEZAS DE AUTO",
"PA-1307","MANGUERA DE FRENO LADA",UNO,"3000",0,"PIEZAS DE AUTO",
"PA-1308","MANILLA PUERTA LADA JGO 4 UNIDADES",UNO,"8000",2,"PIEZAS DE AUTO",
"PA-1311","MANILLA PUERTA DE MOSK",PAR,"35000",0,"PIEZAS DE AUTO",
"PA-1312","MOTOR ARRANQUE MOSK",UNO,"65000",0,"PIEZAS DE AUTO",
"PA-1313","MANGUERA GANDA RADIADOR",UNO,"6000",1,"PIEZAS DE AUTO",
"PA-1314","PASTILLA DE FRENO MOSKOVICH",PAR,"9000",1,"PIEZAS DE AUTO",
"PA-1315","PATIN CORTO LADA",UNO,"3500",0,"PIEZAS DE AUTO",
"PA-1316","PATIN LARGO LADA",UNO,"3000",3,"PIEZAS DE AUTO",
"PA-1317","AMORTIGUADOR LADA",UNO,"39000",5,"PIEZAS DE AUTO",
"PA-1318","PULMON TEMPERATURA LADA",UNO,"2500",1,"PIEZAS DE AUTO",
"PA-1319","PANTALLA H4",UNO,"30000",7,"PIEZAS DE AUTO",
"PA-1321","PANTALLA TRASERA LADA 1600",PAR,"20000",0,"PIEZAS DE AUTO",
"PA-1322","PANTALLA LED",UNO,"17500",4,"PIEZAS DE AUTO",
"PA-1323","PANTALLA TRASERA MOSK",PAR,"20000",0,"PIEZAS DE AUTO",
"PA-1324","PANTALLA  WAZ",PAR,"14000",5,"PIEZAS DE AUTO",
"PA-1325","PASTILLA DE FRENO LADA",PAR,"8000",0,"PIEZAS DE AUTO",
"PA-1329","PULMON TEMPERATURA MOSK",UNO,"2500",6,"PIEZAS DE AUTO",
"PA-1331","PANTALLA DELANTERA YUN",PAR,"27000",2,"PIEZAS DE AUTO",
"PA-1332","PULMON MARCHA ATRÁS",UNO,"2500",5,"PIEZAS DE AUTO",
"PA-1333","NEBLINEROS GRANDES AUTO",UNO,"17500",0,"PIEZAS DE AUTO",
"PA-1334","PILOTO",UNO,"1000",2,"PIEZAS DE AUTO",
"PA-1336","PLATO OPRESOR LADA",UNO,"38000",3,"PIEZAS DE AUTO",
"PA-1337","SISTEMA LIMPIA PARABRISA LADA",UNO,"28000",1,"PIEZAS DE AUTO",
"PA-1340","CILINDRO CAMIONETA CHINA",PAR,"12000",2,"PIEZAS DE AUTO",
"PA-1342","TAPON BOMBETA DIESEL",UNO,"3000",2,"PIEZAS DE AUTO",
"PA-1343","TAPA DELCO LADA",UNO,"5500",2,"PIEZAS DE AUTO",
"PA-1346","TURBINA AGUA 1 PULGADA",UNO,"20000",2,"PIEZAS DE AUTO",
"PA-1349","TECLAS PIZARRA",UNO,"2500",2,"PIEZAS DE AUTO",
"PA-1350","TERMOSTATO YUNDAY",UNO,"8000",1,"PIEZAS DE AUTO",
"PA-1351","TERMINAL DIRECCION CARRO AMER",UNO,"8800",2,"PIEZAS DE AUTO",
"PA-1355","REPARACION PINZA MOSK",UNO,"17000",1,"PIEZAS DE AUTO",
"PA-1356","REPARACION TERMINAL MOSK",PAR,"21000",0,"PIEZAS DE AUTO",
"PA-1357","RODAMIENTO LADA ROYETE CHICO",UNO,"3500",0,"PIEZAS DE AUTO",
"PA-1358","RELOJ TEMPERATURA DIGITAL",UNO,"7500",2,"PIEZAS DE AUTO",
"PA-1359","RELOJ TEMPERATURA LADA",UNO,"7500",0,"PIEZAS DE AUTO",
"PA-1361","REPARACION CENTRO DELANTERO LADA",UNO,"16000",0,"PIEZAS DE AUTO",
"PA-1362","ROTON LADA",UNO,"3500",0,"PIEZAS DE AUTO",
"PA-1364","ROTON MOSKOVICH",UNO,"3500",3,"PIEZAS DE AUTO",
"PA-1366","RODAMIENTO CHIQUITO MOSK",UNO,"3500",1,"PIEZAS DE AUTO",
"PA-1367","RODAMIENTO MOSCOVICH GRANDE",UNO,"3500",1,"PIEZAS DE AUTO",
"PA-1368","RADIADOR CLARIA",UNO,"100000",2,"PIEZAS DE AUTO",
"PA-1369","RADIADOR LADA",UNO,"60000",1,"PIEZAS DE AUTO",
"PA-1370","RELOJ PRESION DE ACEITE",UNO,"7500",0,"PIEZAS DE AUTO",
"PA-1372","REPARACION SINFIN MOSK",UNO,"7000",2,"PIEZAS DE AUTO",
"PA-1373","RELOJ YUND",UNO,"7500",2,"PIEZAS DE AUTO",
"PA-1378","LAMPARA DE SALON DE LADA 2107",UNO,"3000",8,"PIEZAS DE AUTO",
"PA-1388","BRAZO LIMPIA PARABRISA MOSK",PAR,"11000",2,"PIEZAS DE AUTO",
"PA-1390","CARETA NO POLARIZADA",UNO,"8000",2,"PIEZAS DE AUTO",
"PA-1391","COMANDO LUCES LADA",UNO,"15000",1,"PIEZAS DE AUTO",
"PA-1392","CARBON LADA",UNO,"3500",3,"PIEZAS DE AUTO",
"PA-1393","CRUCETA WUAZ",UNO,"15000",2,"PIEZAS DE AUTO",
"PA-1395","COLLARIN LADA",UNO,"9000",2,"PIEZAS DE AUTO",
"PA-1398","CAJA FUSILE LADA",UNO,"4500",1,"PIEZAS DE AUTO",
"PA-1399","CAJA FUSIBLE MOSK (MEXICO)",UNO,"3500",2,"PIEZAS DE AUTO",
"PA-1400","DISCO CLOCH LADA",UNO,"8000",0,"PIEZAS DE AUTO",
"PA-1401","ELECTROVALBULA ARRANQUE ARRQ",UNO,"10000",1,"PIEZAS DE AUTO",
"PA-1405","ESPEJO  LADA",PAR,"14000",1,"PIEZAS DE AUTO",
"PA-1409","APOYA BRAZO DE LADA",UNO,"15000",0,"PIEZAS DE AUTO",
"PA-1410","BOMBETA PETROLEO  YUNDAY SIMPLE",UNO,"11000",2,"PIEZAS DE AUTO",
"PA-1411","BOMBA GASOLINA",UNO,"13000",2,"PIEZAS DE AUTO",
"PA-1413","BOTON STOP FRENO LADA",UNO,"2500",0,"PIEZAS DE AUTO",
"PA-1414","PIZARRA 3 RELOJES",UNO,"17000",0,"PIEZAS DE AUTO",
"PA-1415","BOMBA FRENO MOSK C-TODO",UNO,"1",0,"PIEZAS DE AUTO",
"PA-1416","BOMBA AGUA MOSK",UNO,"13000",2,"PIEZAS DE AUTO",
"PA-1418","BOMBA AGUA LADA",UNO,"15000",0,"PIEZAS DE AUTO",
"PA-1419","CAJA ELECT DELCO",UNO,"6000",2,"PIEZAS DE AUTO",
"PA-1420","CRUCETA LADA",UNO,"6500",6,"PIEZAS DE AUTO",
"PA-1422","CALSO MOTOR YUNDAY",PAR,"12000",0,"PIEZAS DE AUTO",
"PA-1424","BOMBETA DIESEL COMPLETA",UNO,"19400",0,"PIEZAS DE AUTO",
"PA-1425","SELLO 35 X 45",UNO,"1300",0,"PIEZAS DE AUTO",
"PA-1427","CORREA YUNDAY",UNO,"3000",7,"PIEZAS DE AUTO",
"PA-1428","CRUCETA 28 YUNDAY",UNO,"1",0,"PIEZAS DE AUTO",
"PA-1432","CALSO 100 MILL KM LADA",UNO,"14000",2,"PIEZAS DE AUTO",
"PA-1433","CALSO BARRA CLARIA",UNO,"15000",0,"PIEZAS DE AUTO",
"PA-1434","CRUCETA MOSK 28MM",UNO,"12000",0,"PIEZAS DE AUTO",
"PA-1436","CRUCETA CLARIA 29MM",UNO,"14000",1,"PIEZAS DE AUTO",
"PA-1437","CULEBRILLA LADA",UNO,"5500",2,"PIEZAS DE AUTO",
"PA-1438","CULEBRILLA MOSK",UNO,"5500",3,"PIEZAS DE AUTO",
"PA-1439","CABLE EMERGENCIA LADA",UNO,"10000",1,"PIEZAS DE AUTO",
"PA-1440","CABLE EMERGENCIA MOSK",UNO,"8000",2,"PIEZAS DE AUTO",
"PA-1441","CALSO MOTOR LADA CRIOLLO",PAR,"9000",0,"PIEZAS DE AUTO",
"PA-1442","CENTRALITA",UNO,"10000",3,"PIEZAS DE AUTO",
"PA-1443","SELLO TURBINA LADA",UNO,"1700",55,"PIEZAS DE AUTO",
"PA-1444","CARBON MOSK",UNO,"4000",11,"PIEZAS DE AUTO",
"PA-1446","ELECTROVENTILADOR",UNO,"30000",2,"PIEZAS DE AUTO",
"PA-1448","FILTRO ACEITE LADA",UNO,"4000",21,"PIEZAS DE AUTO",
"PA-1449","FILTRO GASOLINA AZUL",UNO,"1300",14,"PIEZAS DE AUTO",
"PA-1450","FILTRO ACEITE YUNDAY",UNO,"5000",0,"PIEZAS DE AUTO",
"PA-1451","FILTRO ACEITE YILI",UNO,"3500",3,"PIEZAS DE AUTO",
"PA-1453","FOCO GUARDAFANGO YUN",PAR,"7500",0,"PIEZAS DE AUTO",
"PA-1454","TUBO DE ESCAPE FLEXIBLE",UNO,"15000",0,"PIEZAS DE AUTO",
"PA-1455","FOCO LADA 1600 TRASERO",PAR,"30000",1,"PIEZAS DE AUTO",
"PA-1458","FOCO INTERMITENTE LADA",PAR,"7500",0,"PIEZAS DE AUTO",
"PA-1459","GATO HIDRAULICO TIJERA",UNO,"20000",0,"PIEZAS DE AUTO",
"PA-1460","GOMA SELECT CAMBIO LADA",UNO,"3500",0,"PIEZAS DE AUTO",
"PA-1461","INTERRUPTOR DE PIE",UNO,"2500",0,"PIEZAS DE AUTO",
"PA-1463","MOTOR DE ARRANQUE DE CLARIA",UNO,"117000",0,"PIEZAS DE AUTO",
"PA-1464","MOTOR DE ARRANQUE LADA",UNO,"65000",0,"PIEZAS DE AUTO",
"PA-1466","INTERRUPTOR MOTOR ARRANQUE LADA",UNO,"10000",2,"PIEZAS DE AUTO",
"PA-1468","INTERRUPTOR ESTACIONAMIENTO",UNO,"2500",7,"PIEZAS DE AUTO",
"PA-1469","JUNKILLO(BARREDOR)",UNO,"8000",1,"PIEZAS DE AUTO",
"PA-1470","JUNTA DE LADA MALETERO",UNO,"12000",2,"PIEZAS DE AUTO",
"PA-1472","JUNTA PARABRISA MOSK",UNO,"12000",0,"PIEZAS DE AUTO",
"PA-1473","JUEGO DE JUNTA BLOQ YUNDAY",UNO,"15000",0,"PIEZAS DE AUTO",
"PA-1475","KIT DE JUNTAS DE MOTOR LADA",UNO,"10000",7,"PIEZAS DE AUTO",
"PA-1489","LLAVIN PUERTA MOSK",UNO,"7000",2,"PIEZAS DE AUTO",
"PA-1491","LLAVIN PUERTA LADA",UNO,"7000",2,"PIEZAS DE AUTO",
"PA-1519","CALSO MOTOR MOSK",PAR,"12000",1,"PIEZAS DE AUTO",
"PA-1597","JUNTA FINA PARA AUTOS",UNO,"5000",4,"PIEZAS DE AUTO",
"PA-1598","JUNTA GRUEZA PARA AUTOS",UNO,"10000",4,"PIEZAS DE AUTO",
"PA-1603","REPARACION SINFÍN LADA",UNO,"16000",2,"PIEZAS DE AUTO",
"PA-1605","TANQUE LIQUIDO CLOCHE Y FRENO",UNO,"2500",6,"PIEZAS DE AUTO",
"PA-1607","PORTA CHAPA AUTO",UNO,"12000",8,"PIEZAS DE AUTO",
"PA-1608","VENTANILLAS ELECTRICAS",PAR,"55000",3,"PIEZAS DE AUTO",
"PA-1609","JUNTA DE BLOCK YUNCHAY",UNO,"30000",2,"PIEZAS DE AUTO",
"PA-1610","DISCO DE CLOCHE CLARIA 21 DIENTE",UNO,"46000",3,"PIEZAS DE AUTO",
"PA-1613","TERMOSTATO LADA",UNO,"13000",1,"PIEZAS DE AUTO",
"PA-1619","PIZARRA DIGITAL TEMPERATURA",UNO,"10500",5,"PIEZAS DE AUTO",
"PA-1629","FORRO TIMON AUTO",UNO,"9000",5,"PIEZAS DE AUTO",
"PA-1631","JUEGO DE BUJES DE CANGREJO DE PARRILLA LADA",UNO,"12000",0,"PIEZAS DE AUTO",
"PA-1632","SINFÍN CORTO DE LADA",UNO,"80000",1,"PIEZAS DE AUTO",
"PA-1633","VELETAS DE LADA",UNO,"5000",0,"PIEZAS DE AUTO",
"PA-1634","REPARACION BOMBA DE AGUA DE LADA",UNO,"9000",5,"PIEZAS DE AUTO",
"PA-1636","JUNTA DE BLOCK YUNDAY",UNO,"30000",0,"PIEZAS DE AUTO",
"PA-1640","ALFONBRA DE GOMA PARA AUTO",UNO,"9000",3,"PIEZAS DE AUTO",
"PA-1641","REPARACION CAJA 5TA LADA",UNO,"46200",1,"PIEZAS DE AUTO",
"PA-1643","BOMBA ESCLAVA DE LADA",UNO,"10000",2,"PIEZAS DE AUTO",
"PA-1644","BOMBA CLOCHE DE LADA",UNO,"12000",1,"PIEZAS DE AUTO",
"PA-1645","DELCO ELECTRONICO MOSK",UNO,"45000",1,"PIEZAS DE AUTO",
"PA-1646","DELCO ELECTRONICO LADA",UNO,"50000",0,"PIEZAS DE AUTO",
"PA-1647","ESCOBILLAS SILICONA",UNO,"1750",101,"PIEZAS DE AUTO",
"PA-1648","PALANCA EMERGENCIA KAMA",UNO,"16000",6,"PIEZAS DE AUTO",
"PA-1651","NEBLINERO LARGO",UNO,"3500",2,"PIEZAS DE AUTO",
"PA-1652","FILTROS DE GASOLINA METAL",UNO,"3000",0,"PIEZAS DE AUTO",
"PA-1656","SELLOS 60/85/10",UNO,"1500",4,"PIEZAS DE AUTO",
"PA-1658","MEZULAS DE MOSKOVICH JUEGO DE 4 UNID",UNO,"65000",8,"PIEZAS DE AUTO",
"PA-1659","TERMINAL LARGA LADA",UNO,"6500",3,"PIEZAS DE AUTO",
"PA-1660","TERMINAL CORTA LADA",UNO,"6000",6,"PIEZAS DE AUTO",
"PA-1662","TURBINA AGUA DEL PARABRISAS",UNO,"3500",3,"PIEZAS DE AUTO",
"PA-1664","TAPA DELCO MOSKOVICH",UNO,"4500",1,"PIEZAS DE AUTO",
"PA-1670","PURIFICADOR DE AIRE (FORRO METALICO)",UNO,"20000",1,"PIEZAS DE AUTO",
"PA-1701","KIT JUNTA DE MOTOR MOSK",UNO,"10000",3,"PIEZAS DE AUTO",
"PA-1706","ESCOBILLAS CARRO MODERNO",UNO,"2500",0,"PIEZAS DE AUTO",
"PA-1707","ESCOBILLAS DE LADA",UNO,"5500",1,"PIEZAS DE AUTO",
"PA-1708","BRAZOS Y ESCOBILLAS DE LADA (JUEGO)",UNO,"9000",8,"PIEZAS DE AUTO",
"PA-1711","PASTILLAS DE FRENO DE CLARIA (JUEGO)",UNO,"18000",1,"PIEZAS DE AUTO",
"PA-1712","BANDAS DE FRENO LADA",UNO,"20000",1,"PIEZAS DE AUTO",
"PA-1713","ROLLETES DE KAMA",UNO,"5000",7,"PIEZAS DE AUTO",
"PA-1714","TE DIRECCION DE LADA",UNO,"3500",2,"PIEZAS DE AUTO",
"PA-1718","GOMA DE FOCO DELANTERO DE LADA",UNO,"3500",2,"PIEZAS DE AUTO",
"PA-1720","JUNTA DE BLOCK MOSK",UNO,"5500",13,"PIEZAS DE AUTO",
"PA-1721","CRUCETA 27 Y 28 MM",UNO,"12000",2,"PIEZAS DE AUTO",
"PA-1725","TAPA DE TANQUE DE LADA",UNO,"5500",3,"PIEZAS DE AUTO",
"PA-1726","CANGREJOS DE DIRECCION DE LADA",UNO,"1500",3,"PIEZAS DE AUTO",
"PA-1727","CIERRE O LLAVIN DE ALECO",UNO,"7500",2,"PIEZAS DE AUTO",
"PA-1731","ENGANCHE MECANICO TRAILER",UNO,"49000",0,"PIEZAS DE AUTO",
"PA-1732","ENGANCHE ELECTRICO TRAILER",UNO,"9000",5,"PIEZAS DE AUTO",
"PA-1736","CALSO PARA MOTOR CAMIONES",UNO,"30000",2,"PIEZAS DE AUTO",
"PA-1737","BARRA CORTA DE LADA",UNO,"15000",3,"PIEZAS DE AUTO",
"PA-1738","BARRA CARDAN LADA",UNO,"100000",0,"PIEZAS DE AUTO",
"PA-1739","FORRO DE PISO DE LADA",UNO,"53400",0,"PIEZAS DE AUTO",
"PA-1740","MANGUERA RADIADOR CAMION",UNO,"9000",5,"PIEZAS DE AUTO",
"PA-1741","CABLE BUJIA DE LADA",UNO,"7000",8,"PIEZAS DE AUTO",
"PA-1744","CONSOLA DE LADA",UNO,"12000",1,"PIEZAS DE AUTO",
"PA-1759","JUAGO DE SELLO MOSK",UNO,"3000",1,"PIEZAS DE AUTO",
"PA-1762","TANQUE EXPANSION DE LADA",UNO,"10000",3,"PIEZAS DE AUTO",
"PA-1769","PASTA PISTON",UNO,"3500",0,"PIEZAS DE AUTO",
"PA-1770","MANILLA INTERIOR YEELI",UNO,"23000",1,"PIEZAS DE AUTO",
"PA-1771","MANILLA EXTERIOR YEELY",UNO,"230000",1,"PIEZAS DE AUTO",
"PA-1772","CHUCHO ROJO 10 AMP",UNO,"100",5,"PIEZAS DE AUTO",
"PA-1773","FUSILERA MOSK",UNO,"3500",2,"PIEZAS DE AUTO",
"PA-1775","POLEADOR DE LADA",UNO,"6500",2,"PIEZAS DE AUTO",
"PA-1776","JUEGO DE FOCOS INTERMITENTES V8",UNO,"4500",3,"PIEZAS DE AUTO",
"PA-1779","ASIENTOS DE LADA",UNO,"168000",2,"PIEZAS DE AUTO",
"PB-1276","EJE BICICLETA",UNO,"900",0,"PIEZAS DE BICICLETA",
"PB-1277","GOMA BICICLETA 26",UNO,"4500",0,"PIEZAS DE BICICLETA",
"PB-1280","CHICHARRA",UNO,"2500",0,"PIEZAS DE BICICLETA",
"PB-1281","MANILLA BICICLETA",PAR,"1500",0,"PIEZAS DE BICICLETA",
"PB-1282","MASA",UNO,"4800",0,"PIEZAS DE BICICLETA",
"PB-1283","SILLIN",UNO,"5000",3,"PIEZAS DE BICICLETA",
"PB-1284","CADENA BICICLETA",UNO,"2000",0,"PIEZAS DE BICICLETA",
"PB-1397","CAMARA 28 BICICLETA",UNO,"2200",0,"PIEZAS DE BICICLETA",
"PB-1655","PUŃOS DE BICICLETA",UNO,"1000",3,"PIEZAS DE BICICLETA",
"PB-1716","TACOS DE FRENO DE BICICLETA",UNO,"600",19,"PIEZAS DE BICICLETA",
"PB-1760","CENTRO TRACERO BICICLETA",UNO,"4800",1,"PIEZAS DE BICICLETA",
"PE-1478","BOTAS DE AGUA DE HOMBRE",PAR,"3500",0,"ARTICULOS DE LLUVIA Y SOL",
"PE-1616","CAPAS  DE MOTO",UNO,"10500",5,"ARTICULOS DE LLUVIA Y SOL",
"PM-1009","STOP DELANTERO MOTO",UNO,"700",65,"PIEZAS DE MOTO",
"PM-1019","TENSOR CADENA MOTO",UNO,"1500",8,"PIEZAS DE MOTO",
"PM-1035","AMORTIGUADOR MOTO",PAR,"20000",0,"PIEZAS DE MOTO",
"PM-1038","CACHIMBA DE BUJIA",UNO,"700",14,"PIEZAS DE MOTO",
"PM-1039","SELLO GN",UNO,"3500",6,"PIEZAS DE MOTO",
"PM-1040","SELLO AX-100",UNO,"3500",5,"NEUMATICOS MOTO",
"PM-1041","ESPEJO MOTORINA",PAR,"6000",0,"PIEZAS DE MOTO",
"PM-1043","ESPEJO PANORAMICO",UNO,"12000",0,"PIEZAS DE MOTO",
"PM-1045","SPROKE AX-100",UNO,"5500",1,"PIEZAS DE MOTO",
"PM-1047","RAYOS DELANTEROS DE MOTO",UNO,"200",20,"PIEZAS DE MOTO",
"PM-1048","RAYOS TRASEROS DE MOTO",UNO,"200",0,"PIEZAS DE MOTO",
"PM-1049","CADENA MOTOR",UNO,"6000",0,"PIEZAS DE MOTO",
"PM-1051","ESPEJO MOTOR",PAR,"6000",1,"PIEZAS DE MOTO",
"PM-1052","FOCO TRASERO MOTOR",UNO,"6000",0,"PIEZAS DE MOTO",
"PM-1053","FILTRO MOTOR GASOLINA",UNO,"350",41,"PIEZAS DE MOTO",
"PM-1056","BANDA DE FRENO DE JAWA",UNO,"6000",2,"PIEZAS DE MOTO",
"PM-1057","FOCO STOP FRENO AUTO (LUZ DE CHAPA)",UNO,"7000",1,"PIEZAS DE MOTO",
"PM-1058","FOCO TRASERO MOTO LIFAN",UNO,"7500",0,"PIEZAS DE MOTO",
"PM-1059","FIBRA GN",UNO,"3500",0,"PIEZAS DE MOTO",
"PM-1060","FIBRA MINSK",UNO,"3000",1,"PIEZAS DE MOTO",
"PM-1061","FIBRA JAWA",UNO,"5000",2,"PIEZAS DE MOTO",
"PM-1063","LLAVE GASOLINA MOTO",UNO,"3500",6,"PIEZAS DE MOTO",
"PM-1064","PULMON ELECTRO",UNO,"3500",5,"PIEZAS DE MOTO",
"PM-1065","JUEGO FOLLER AX-100",PAR,"4000",1,"PIEZAS DE MOTO",
"PM-1066","MALLA ASIENTO",UNO,"4000",0,"PIEZAS DE MOTO",
"PM-1067","BANDA DE FRENO  AX-100",UNO,"3500",0,"PIEZAS DE MOTO",
"PM-1068","MANILLA MOTOR C/ BOMBA",UNO,"4800",11,"PIEZAS DE MOTO",
"PM-1070","MANGUERA CADENA",PAR,"4500",0,"PIEZAS DE MOTO",
"PM-1071","MILLERO AX-100",UNO,"2000",0,"PIEZAS DE MOTO",
"PM-1072","MUELLE PATA ARRANQUE",UNO,"1500",0,"PIEZAS DE MOTO",
"PM-1074","MUELLE BURRO GN",UNO,"1500",0,"PIEZAS DE MOTO",
"PM-1076","MANILLA CRIOLLA",UNO,"800",0,"PIEZAS DE MOTO",
"PM-1080","RADIADOR DE ACEITE MOTO",UNO,"50000",2,"PIEZAS DE MOTO",
"PM-1081","TIMON MOTO",UNO,"3500",0,"PIEZAS DE MOTO",
"PM-1083","PASTILLA FRENO MOTORINA",UNO,"2500",8,"PIEZAS DE MOTO",
"PM-1084","PUNO MOTORINA",UNO,"6500",1,"PIEZAS DE MOTO",
"PM-1085","PIZARRA MOTORINA",UNO,"3500",0,"PIEZAS DE MOTO",
"PM-1086","PITO MOTOR",UNO,"1800",10,"PIEZAS DE MOTO",
"PM-1087","PUŃO MOTOR",PAR,"6500",0,"PIEZAS DE MOTO",
"PM-1090","PORTA SPROKE",UNO,"3500",1,"PIEZAS DE MOTO",
"PM-1091","CENTRO MOTO AX-100",UNO,"20000",1,"PIEZAS DE MOTO",
"PM-1092","PINZA GN",UNO,"8500",0,"PIEZAS DE MOTO",
"PM-1094","BOTONERA",UNO,"4800",4,"PIEZAS DE MOTO",
"PM-1095","BIELA JAWA Y ETZ",UNO,"18000",3,"PIEZAS DE MOTO",
"PM-1097","BOMBA TRASERA FRENO MOT",UNO,"5500",3,"PIEZAS DE MOTO",
"PM-1100","INTERRUPTOR ARRANQ MOT",UNO,"4800",0,"PIEZAS DE MOTO",
"PM-1102","MONIFLOR",UNO,"1500",4,"PIEZAS DE MOTO",
"PM-1103","MANILLA FABRIC CLOCHE MOTO SIMPLE",UNO,"2800",6,"PIEZAS DE MOTO",
"PM-1104","TAPA TANQUE MOTOR C/CHUCHO",UNO,"6500",6,"PIEZAS DE MOTO",
"PM-1105","TORNILLO SPROKE MOTO",UNO,"1500",6,"PIEZAS DE MOTO",
"PM-1106","PULMON DELANTERO MOTOR",UNO,"700",48,"PIEZAS DE MOTO",
"PM-1452","GUARDAFANGO MOTOR",PAR,"4500",0,"PIEZAS DE MOTO",
"PM-1500","JUNTA TUBO ESCAPE GN",UNO,"100",7,"PIEZAS DE MOTO",
"PM-1620","CANDADO P/MOTO CON ALARMA",UNO,"8500",0,"PIEZAS DE MOTO",
"PM-1622","CHUCHO ARRANQUE MOTORINA",UNO,"6500",0,"PIEZAS DE MOTO",
"PM-1640","CABLE DE CLOCHE AX-100 Y GN",UNO,"1800",4,"PIEZAS DE MOTO",
"PM-1641","CULEBRILLA AX-100 Y GN",UNO,"1800",12,"PIEZAS DE MOTO",
"PM-1643","FILTRO DE GASOLINA CON MANGUERITA",UNO,"450",0,"PIEZAS DE MOTO",
"PM-1647","FOCO DELANTERO DE AX-100",UNO,"8000",4,"PIEZAS DE MOTO",
"PM-1648","FOCO TRACERO DE GN",UNO,"9000",2,"PIEZAS DE MOTO",
"PM-1654","PITO DE DOS COLORES",UNO,"8000",1,"PIEZAS DE MOTO",
"PM-1655","CORNETAS ROJAS",UNO,"8000",0,"PIEZAS DE MOTO",
"PM-1659","COMANDO MOTO",UNO,"4800",0,"PIEZAS DE MOTO",
"PM-1662","MANGUERRA HIDRAULICA P/,MOTOR (FRENO)",UNO,"2800",3,"PIEZAS DE MOTO",
"PM-1669","CABLE DE FRENOS MOTO Y BICICLETAS",UNO,"800",13,"PIEZAS DE MOTO",
"PM-1730","INSTALACION ELCTRICA MOTO",UNO,"5000",1,"PIEZAS DE MOTO",
"PM-1756","CARBURADOR DE JAWA",UNO,"24000",1,"PIEZAS DE MOTO",
"PM-1764","DISCO DE FRENO DE MOTO",UNO,"13500",1,"PIEZAS DE MOTO",
"PM-1765","CARBURADOR DE AX-100",UNO,"12000",0,"PIEZAS DE MOTO",
"PM-1766","CARBURADOR CORTINA P",UNO,"13000",1,"PIEZAS DE MOTO",
"PM-1768","ALARMA MOTO",UNO,"12000",0,"PIEZAS DE MOTO",
"PM-1774","TAPA DE TANQUE AUXILIAR",UNO,"800",0,"PIEZAS DE AUTO",
"PM-1794","CAJA REGULADORA MOTORINA",UNO,"4500",0,"PIEZAS DE MOTO",
"PM-1795","FILTRO DE ACEITE MOTO",UNO,"900",26,"PIEZAS DE MOTO",
"PP-1199","PINTURA AZUL OSCURO  AUTOLUX 4LT",Lt,"4000",0,"PINTURAS",
"PP-1213","SPRAY NEGRO",UNO,"1800",0,"PINTURAS",
"PP-1214","PINTURA BLANCO AUTOLUX 4LT",Lt,"4000",188.6,"PINTURAS",
"PP-1215","PINTURA MARFIL  AUTOLUX 4LT",Lt,"4000",39.6,"PINTURAS",
"PP-1216","PINTURA AZUL MEDIO  AUTOLUX 4LT",Lt,"4000",73.8,"PINTURAS",
"PP-1217","PINTURA VERDE MANZANA  PRIMAVERA INDUSTRIAL",Lt,"3600",0,"PINTURAS",
"PP-1219","PINTURA VERDE OSCURO METALICO 4LT",Lt,"4000",35.6,"PINTURAS",
"PP-1220","PINTURA AMARILLA  AUTOLUX 4LT",Lt,"4000",39.6,"PINTURAS",
"PP-1221","BARNIZ INDUCTRIAL 4LT",Lt,"12000",0,"PINTURAS",
"PP-1222","PINTURA NEGRO  AUTOLUX 4LT",Lt,"4000",127.6,"PINTURAS",
"PP-1223","PINTURA ROJA INDUSTRIAL 1 LT",Lt,"3600",16,"PINTURAS",
"PP-1224","PINTURA GRIS CLARO  AUTOLUX 4LT",Lt,"4000",255.2,"PINTURAS",
"PP-1225","SPRAY DORADO",UNO,"2000",0,"PINTURAS",
"PP-1226","SPRAY PLATIADO",UNO,"1800",12,"PINTURAS",
"PP-1227","SPRAY BLANCO",UNO,"1800",0,"PINTURAS",
"PP-1228","SPRAY AMARILLO",UNO,"1800",0,"PINTURAS",
"PP-1229","SPRAY VERDE CLARO FOSFORESCENTE",UNO,"1800",0,"PINTURAS",
"PP-1230","SPRAY GRIS",UNO,"1800",0,"PINTURAS",
"PP-1567","PINTURA INDUSTRIAL BARNIZ",Lt,"4000",100,"PINTURAS",
"PP-1568","PINTURA INDUSTRIAL DORADA 1LT",Lt,"3600",4,"PINTURAS",
"PP-1570","PINTURA INDUSTRIAL AMARILLA 1LT",Lt,"3600",2,"PINTURAS",
"PP-1573","PINTURA INDUSTRIAL MARFIL 4LT",Lt,"3000",36,"PINTURAS",
"PP-1574","PINTURA INDUSTRIAL BLANCO 4LT",Lt,"3000",0,"PINTURAS",
"PP-1575","PINTURA INDUSTRIAL DURACROM 4LT",Lt,"3000",0,"PINTURAS",
"PP-1576","PINTURA INDUSTRIAL METAL 4LT",Lt,"3000",0,"PINTURAS",
"PP-1578","PINTURA ACRILICA CASA (CUBETA)",UNO,"6000",3,"PINTURAS",
"PP-1735","PINTURA INDUSTRIAL ROJA 4 LT",Lt,"3000",17,"PINTURAS",
"PP-1781","PINTURA IMPERMEABILIZANTE 1LT",UNO,"3300",0,"PINTURAS",
"PP-1782","PINTURA CARMELITA 1LT",Lt,"3600",36,"PINTURAS",
"R-1287","RODAMIENTO 6304",UNO,"1500",0,"RODAMIENTOS",
"R-1326","RODAMIENTO 6203",UNO,"1500",22,"RODAMIENTOS",
"R-1330","RODAMIENTO 6007",UNO,"2500",6,"RODAMIENTOS",
"R-1341","RODAMIENTO 6301",UNO,"1500",2,"RODAMIENTOS",
"R-1347","RODAMIENTO 6303",UNO,"1500",13,"RODAMIENTOS",
"R-1352","RODAMIENTO 6204",UNO,"1500",0,"RODAMIENTOS",
"R-1354","RODAMIENTO GRANDE LADA 7805",UNO,"7500",1,"RODAMIENTOS",
"R-1376","RODAMIENTO LADA 6306",UNO,"3500",6,"RODAMIENTOS",
"R-1394","RODAMIENTO 6305",UNO,"1500",1,"RODAMIENTOS",
"R-1406","RODAMIENTO 6206",UNO,"2500",3,"RODAMIENTOS",
"R-1407","RODAMIENTO 6306",UNO,"3500",5,"RODAMIENTOS",
"R-1408","RODAMIENTO 6302",UNO,"1500",4,"RODAMIENTOS",
"R-1412","RODAMIENTO 6202",UNO,"800",12,"RODAMIENTOS",
"R-1429","RODAMIENTO V8",UNO,"10000",6,"RODAMIENTOS",
"R-1435","RODAMIENTO 6008",UNO,"1500",15,"RODAMIENTOS",
"R-1445","RODAMIENTO 6201",UNO,"800",62,"RODAMIENTOS",
"R-1456","RODAMIENTO 6200",UNO,"800",5,"RODAMIENTOS",
"R-1467","RODAMIENTO 6301",UNO,"1500",0,"RODAMIENTOS",
"R-1604","RODAMIENTO BOMBAS DE AGUA",UNO,"1500",6,"RODAMIENTOS",
"R-1637","RODAMIENTO 7804",UNO,"3500",12,"RODAMIENTOS",
"R-1638","RODAMIENTO 32007",UNO,"4000",4,"RODAMIENTOS",
"R-1639","ROLLETE 32007",UNO,"4000",4,"RODAMIENTOS",
"R-1761","ROLLETE PEQUEŃO DE LADA",UNO,"3500",2,"RODAMIENTOS",
"R-1765","RODAMIENTO 6006",UNO,"1500",4,"RODAMIENTOS",
"R-1766","RODAMIENTO 6205",UNO,"1500",3,"RODAMIENTOS",
"R-1767","RODAMIENTO 6002",UNO,"1500",3,"RODAMIENTOS",
"R-1768","RODAMIENTO 30203",UNO,"2500",10,"RODAMIENTOS",
"R-1769","RODAMIENTO 7805 (GRANDE LADA)",UNO,"2500",0,"RODAMIENTOS",
"R-1770","RODAMIENTO 7206",UNO,"2500",1,"RODAMIENTOS",
"R-1771","RODAMIENTO 30202",UNO,"2500",1,"RODAMIENTOS",
"R-1772","RODAMIENTO 6010",UNO,"2500",1,"RODAMIENTOS",
"R-1773","RODAMIENTO 7604",UNO,"2500",1,"RODAMIENTOS",
"R-1774","RODAMIENTO 30206",UNO,"2500",1,"RODAMIENTOS",
"PA-1797","BOMBA DE AGUA COMPLETA",UNO,"2000",2,"PIEZAS DE AUTO",
"FF-1798","MASILLA SECADO RAPIDO 1.5LT",UNO,"15000",0,"FERRETERIA",
"AL-1799","ACEITE AFT HIDRAULICO",Lt,"4500",14,"ACEITES Y LUBRICANTES",
"FF-1800","JUEGOS DE PITO",UNO,"6000",2,"FERRETERIA",
"R-1801","RODAMIENTO COLLARIN",UNO,"9000",2,"RODAMIENTOS",
"FF-1802","TORNILLO 12 MM",UNO,"250",45,"FERRETERIA",
"FF-1803","COMANDO DOBLE DE LUCES",UNO,"7500",1,"FERRETERIA",
"PM-1804","RELAY ARRANQUE MOTOS",UNO,"2800",0,"PIEZAS DE MOTO",
"FF-1805","PILOTOS LED",UNO,"600",38,"FERRETERIA",
"PM-1806","PULMON FRENO TRACERO",UNO,"800",7,"PIEZAS DE MOTO",
"PM-1807","INTERMITENTE PLASTICO",UNO,"5500",0,"PIEZAS DE MOTO",
"PM-1808","INTERMITENTE JAWA",UNO,"6000",0,"PIEZAS DE MOTO",
"FF-1809","BARRENA 8MM",UNO,"800",18,"FERRETERIA",
"B-1810","BOMBILLA CHAPA AX-100",UNO,"2800",3,"BOMBILLOS",
"FF-1811","TENAZA DE SOLDAR",UNO,"4800",2,"FERRETERIA",
"NM-1812","CAMARA 18/275",UNO,"3500",0,"NEUMATICOS MOTO",
"PM-1813","CALSO SPROKE GN",UNO,"700",15,"PIEZAS DE MOTO",
"PM-1814","CALSO SPROKE AX-100",UNO,"700",13,"PIEZAS DE MOTO",
"PM-1815","GOMA PATA DE CAMBIO",UNO,"800",2,"PIEZAS DE MOTO",
"PM-1816","MUELLE PATA DE FRENO AX-10 /GN",UNO,"700",14,"PIEZAS DE MOTO",
"FF-1817","BUJIAS DE IRIDIO",UNO,"2500",0,"FERRETERIA",
"PA-1818","FILTRO DE DIESEL YUNCHAY",UNO,"8000",2,"PIEZAS DE AUTO",
"PA-1819","FILTRO DE ACEITE YUNCHAY",UNO,"8000",2,"PIEZAS DE AUTO",
"PA-1820","FILTRO DE ACEITE MOSK",UNO,"2500",0,"PIEZAS DE AUTO",
"AL-1821","GRASA MOLLY",UNO,"3500",25,"ACEITES Y LUBRICANTES",
"FF-1822","CAPACITOR 700 MF",UNO,"4800",2,"FERRETERIA",
"FF-1823","CAPACITOR 25 MF",UNO,"2300",3,"FERRETERIA",
"FF-1824","BROCHAS 1''",UNO,"350",0,"FERRETERIA",
"FF-1825","LLAVE DE ANGULO",UNO,"1400",7,"FERRETERIA",
"FF-1826","EXPANSIONADOR 8 MM",UNO,"350",1,"FERRETERIA",
"FF-1827","EXPANSIONADOR 6 MM",UNO,"300",15,"FERRETERIA",
"PP-1736","PINTURA INDUSTRIAL CAOBA 4 LT",Lt,"3000",3.99999999999956E-03,"PINTURAS",
"FF-1738","EXPANSION PLASTICA",UNO,"25",117,"FERRETERIA",
"FF-1739","EXTENSION ELECTRICA 20 M",UNO,"6000",0,"FERRETERIA",
"AL-1740","ACEITE MOLINOL 10 W30 LT",Lt,"4000",24,"ACEITES Y LUBRICANTES",
"PA-1742","CABLE DE CAMBIO DE YUNDAY",UNO,"43700",1,"PIEZAS DE AUTO",
"PM-1743","JUEGO DE ESPEJOS MOTOR",PAR,"7500",3,"PIEZAS DE MOTO",
"PA-1745","MEZULAS DE CLARIA",PAR,"36400",2,"PIEZAS DE AUTO",
"PA-1764","CORREA GRANDE DE MOTOR",UNO,"2800",11,"PIEZAS DE AUTO",
"ED-1764","BOCINAS PIONERS 450 WATT",UNO,"38400",1,"ELECTROS",
"PA-1765","OBSTURADOR DE LADA",UNO,"3000",0,"PIEZAS DE AUTO",
"NM-1764","NEUMATICO DE MOTO 16X300",UNO,"14000",1,"NEUMATICOS MOTO",
"PB-1765","NEUMATICO BICICLETA 26",UNO,"4500",0,"PIEZAS DE BICICLETA",
"FF-1765","PIZARRITAS DE MUSICA",UNO,"4500",1,"FERRETERIA",
"FF-1766","TWITTER",UNO,"3500",8,"FERRETERIA",
"FF-1768","SILICONA BRIDA",UNO,"4500",0,"FERRETERIA",
"FF-1769","PROTECTOR FOCO",UNO,"5000",1,"FERRETERIA",
"FF-1770","EMBELLECEDOR JUNQUILLO",m,"900",57.5,"FERRETERIA",
"FF-1771","PORTATELEFONO AUTO",UNO,"3500",5,"FERRETERIA",
"FF-1772","CARGADOR TELEFONO CARGA RAPIDA",UNO,"4000",2,"FERRETERIA",
"FF-1773","PRECILLAS DE ACERO INOXIDABLE",UNO,"300",91,"FERRETERIA",
"ED-1765","COMPRESOR STANDARD",UNO,"20000",0,"ELECTROS",
"FF-1774","LAMPARAS LED 50W",UNO,"3500",6,"FERRETERIA",
"FF-1775","BOMBA AIRE",UNO,"5000",0,"FERRETERIA",
"PA-1780","PIZARRA MODERNA",UNO,"20000",1,"PIEZAS DE AUTO",
"FF-1781","ROLLOS DE ALAMBRE DE SOLDAR",UNO,"15000",0,"FERRETERIA",
"PA-1781","JUEGO DE PANTALLAS MEXICANAS",UNO,"20000",1,"PIEZAS DE AUTO",
"FF-1782","BATERIAS DE LITIO",UNO,"1500",0,"FERRETERIA",
"FF-1783","RELAY 30 A",UNO,"1000",13,"FERRETERIA",
"AL-1764","CUAJO (PRODUCIR QUESO)",UNO,"4500",1,"ALIMENTOS",
"NA-1764","GOMA 12",UNO,"32000",5,"NEUMATICOS AUTO",
"BT-1765","BATERIA 60 A",UNO,"54000",0,"BATERIAS",
"PA-1801","BOMBA DE FRENO DE LADA",UNO,"14000",2,"PIEZAS DE AUTO",
"PA-1802","JUEGO DE CALSO MOTOR LADA",UNO,"14000",0,"PIEZAS DE AUTO",
"PA-1803","CADENA DE DISTRIBUCION",UNO,"19000",1,"PIEZAS DE AUTO",
"PA-1804","BOBINA ARRANQUE",UNO,"15000",1,"PIEZAS DE AUTO",
"PA-1805","JUEGO DE PANTALLAS DE MOSK",UNO,"5000",1,"PIEZAS DE AUTO",
"FF-1806","CABLE FOTOVOLTAICO",m,"1500",0,"FERRETERIA",
"PA-1806","MANGUERA Z LADA",UNO,"6500",0,"PIEZAS DE AUTO",
"FF-1839","MATAJUNTAS",UNO,"900",90,"FERRETERIA",
"FF-1840","FOGON DE MECHA",UNO,"15000",8,"FERRETERIA",
"PA-1746","MANGUERA DE FRENO MOSK",UNO,"3500",4,"PIEZAS DE AUTO",
"PA-1747","CORREA 163 DIENTES YUNDAY",UNO,"17000",1,"PIEZAS DE AUTO",
"PA-1748","CALSO DE 6 HUECOS",UNO,"7500",1,"PIEZAS DE AUTO",
"FF-1749","BUJIAS PUNTA DE PLATINO",UNO,"2500",0,"FERRETERIA",
"FF-1751","LAMPARAS CON PANEL",UNO,"7000",6,"FERRETERIA",
"ED-1752","POWER BANK",UNO,"14000",1,"ELECTROS",
"FF-1754","ROLLOS DE ALAMBRE ACERADO",UNO,"700",14,"FERRETERIA",
"PA-1755","TECLA DE 20 AMP",UNO,"1600",6,"PIEZAS DE AUTO",
"PP-1756","SPRAY ROJO",UNO,"1800",0,"PINTURAS",
"AL-1757","ACEITE JAZO 15W40 1LT",UNO,"3500",34,"ACEITES Y LUBRICANTES",
"AL-1758","ACEITE JAZO 10W40 1LT",UNO,"3500",44,"ACEITES Y LUBRICANTES",
"AL-1759","ACEITE SEMISINTETICO 15W40 4LT",Lt,"3000",87.3,"ACEITES Y LUBRICANTES",
"AL-1760","ACEITE SEMISINTETICO 20W50 4LT",Lt,"3000",55.4,"ACEITES Y LUBRICANTES",
"PA-1761","VELETA DE YUNDAY",UNO,"14000",3,"PIEZAS DE AUTO",
"AL-1762","OCTANAJE DE GASOLINA 1LT",UNO,"3500",38,"ACEITES Y LUBRICANTES",
"PA-1763","CAJA REGULADORA DE LADA",UNO,"3500",4,"PIEZAS DE AUTO",
"ED-1841","CARGADOR BATERIA MOTORINA",UNO,"20000",2,"ELECTROS",
"FF-1842","BREKERA (4 POSICIONES)",UNO,"4500",9,"FERRETERIA",
"FF-1843","EXTENSION ELCTRICA 15M",UNO,"4800",0,"FERRETERIA",
"FF-1844","EXTENSION BLANCA (VARIOS TOMAS)",UNO,"2800",1,"FERRETERIA",
"FF-1845","LLAVE ALLEN PEQUEŃA",UNO,"2500",2,"FERRETERIA",
"FF-1846","DESTUPIDOR BAŃO",UNO,"1300",9,"FERRETERIA",
"PB-1847","TETERAS DE BICICLETA",UNO,"1500",10,"PIEZAS DE BICICLETA",
"FF-1848","CAJA DE BREKERS (2 POSICIONES)",UNO,"3000",1,"FERRETERIA",
"FF-1849","BUJIAS F5TC Y FT2L",UNO,"200",15,"FERRETERIA",
"PA-1850","FILTRO AIRE YUNDAY",UNO,"12500",1,"PIEZAS DE AUTO",
"PA-1851","DISCO DE CLOCHE YUNDAY",UNO,"45000",0,"PIEZAS DE AUTO",
"PA-1852","DISCO DE CLOCHE MOSCOVICH",UNO,"14000",0,"PIEZAS DE AUTO",
"FF-1853","BREAKER 32 A DOBLE",UNO,"3500",0,"FERRETERIA",
"PA-1854","BOMBA CLOSHE CLARIA",UNO,"20800",4,"PIEZAS DE AUTO",
"PA-1855","BOMBA DE FRENO CLARIA",UNO,"51000",4,"PIEZAS DE AUTO",
"PA-1856","BOMBA CLOSHE MOSK",UNO,"20000",0,"PIEZAS DE AUTO",
"FF-1870","BREAKER TRIFASICO",UNO,"7000",0,"FERRETERIA",
"FF-1871","CODO 3/4",UNO,"300",44,"FERRETERIA",
"FF-1872","TEE 1/2",UNO,"250",45,"FERRETERIA",
"FF-1873","DESTORNILLADOR PEQUENO",UNO,"300",5,"FERRETERIA",
"FF-1874","ESTAŃO CIRCULAR",UNO,"2600",0,"FERRETERIA",
"FF-1875","CINTA PARA TRAILER L",UNO,"2800",0,"FERRETERIA",
"FF-1876","CINTA PARA TRAILER C",UNO,"2400",1,"FERRETERIA",
"ED-1870","MOTOSIERRA",UNO,"95000",1,"ELECTROS",
"FF-1879","BREAKER SENCILLO 32A",UNO,"1500",10,"FERRETERIA",
"FF-1878","NIVEL",UNO,"3800",2,"FERRETERIA",
"FF-1976","RODILLOS",UNO,"1500",0,"FERRETERIA",
"FF-1974","TORNILLO EMBELLECEDOR MOTOS",UNO,"250",58,"FERRETERIA",
"FF-1980","REGLETAS",UNO,"900",0,"FERRETERIA",
"FF-1982","LIANZA 5M",UNO,"1500",4,"FERRETERIA",
"FF-1983","CABLE No 16 (INSTALACION AUTO)",m,"200",36,"FERRETERIA",
"AP-1980","TINTE ARABES (DISTINTOS COLORES)",UNO,"1200",14,"ARTICULOS DE ASEO Y BELLEZA",
"PA-1870","JUNTA DE BLOCK DE LADA (76 X 79 MM)",UNO,"10000",4,"PIEZAS DE AUTO",
"FF-1975","CUCHILLA",UNO,"200",3,"FERRETERIA",
"FF-1971","CABLE ROYAL COOL 10",m,"700",203,"FERRETERIA",
"FF-1970","BRIDA 4.8 X 350MM",UNO,"30",200,"FERRETERIA",
"FF-1972","TENAZA PICATUBOS",UNO,"2500",6,"FERRETERIA",
"FF-1973","LAMPARA DE TECHO (DISTROICA)",UNO,"1500",6,"FERRETERIA",
"FF-1977","EXTENSION ELECTRICA 25 M (3 TOMAS)",UNO,"8000",4,"FERRETERIA",
"FF-1978","CARBON LIJADORA",UNO,"1500",11,"FERRETERIA",
"ED-1871","HORNILLA SENCILLA",UNO,"7000",1,"ELECTROS",
"ED-1872","HORNILLA DOBLE",UNO,"12000",2,"ELECTROS",
"FF-1979","TIRAFONDO 3.5 X 45 MM",UNO,"15",365,"FERRETERIA",
"FF-1981","BOMBA DE AIRE",UNO,"6000",3,"FERRETERIA",
"FF-1984","TOMACORRIENTE 20A",UNO,"2000",28,"FERRETERIA",
"FF-1987","LLAVE MEZCLADORA DE FREGADERO",UNO,"21000",2,"FERRETERIA",
"FF-1990","JUEGO DE BARRENAS DE TUGSTENO 1",UNO,"2600",3,"FERRETERIA",
"FF-1991","JUEGO DE BARRENAS DE TUGSTENO 2",UNO,"2500",1,"FERRETERIA",
"PP-1870","PINTURA ANTICORROCIVO INDUSTRIAL",Lt,"4000",13,"PINTURAS",
"PP-1871","PINTURA INDUSTRIAL AZUL 1L",Lt,"4000",9,"PINTURAS",
"PP-1880","PINTURA INDUSTRIAL VERDE 1L",Lt,"4000",9,"PINTURAS",
"PA-1857","TAPA DE TANQUE MOSK",UNO,"6000",2,"PIEZAS DE AUTO",
"PA-1858","RELAY 12 V 80 A",UNO,"1400",14,"PIEZAS DE AUTO",
"FF-1859","FILTROS DE COMBUSTIBLE DOBLES",UNO,"3000",5,"FERRETERIA",
"PA-1860","HIDROWA CLARIA",UNO,"76500",0,"PIEZAS DE AUTO",
"PA-1861","CILINDRO FRENO DE LADA",UNO,"13000",2,"PIEZAS DE AUTO",
"NA-1862","NEUMATICO 18-250 (PISTA)",UNO,"17000",2,"NEUMATICOS AUTO",
"FF-1863","SOPORTE TV",UNO,"6500",4,"FERRETERIA",
"FF-1864","SOPORTE TV",UNO,"3500",2,"FERRETERIA",
"FF-1865","ALICATE O PINZA",UNO,"2300",0,"FERRETERIA",
"FF-1866","JUEGO DE LLAVES",UNO,"6500",0,"FERRETERIA",
"FF-1867","JUEGO DE LLAVES PEQUEŃAS",UNO,"6000",1,"FERRETERIA",
"FF-1868","ROSCACHAPA",UNO,"40",113,"FERRETERIA",
"FF-1869","LINTERNA",UNO,"3500",6,"FERRETERIA",
"ED-1873","LAMPARA SOLAR EPOXI",UNO,"28000",2,"ELECTROS",
"ED-1874","LAMPARA SOLAR EPOXI",UNO,"30000",1,"ELECTROS",
"FF-1992","JUEGO DE CUBOS EN SU ESTUCHE",UNO,"25000",1,"FERRETERIA",
"FF-1877","DESTORNILLADOR GRANDE",UNO,"600",9,"FERRETERIA",
